Workbook

Sheet ProductBacklog
A1: ID | B1: Fonctionnalitée | C1: Prioritée | D1: Sprint | E1: Status
B2: VULNERABILITE MEMCCPY
A3: 1 | B3: Lire documents sur memccpy | C3: moyen | D3: 1 | E3: FAIT
A4: =1+A3 -> 2 | B4: Analyse de la fonction memccpy | C4: Important | D4: 1 | E4: FAIT
A5: =1+A4 -> 3 | B5: Etude des différents cas de bugs possibles | C5: important | D5: 1 | E5: FAIT
A6: Tests cas dépassement tampon memccpy
A7: =1+A5 -> 4 | B7: Test sur memccpy de base dans le cas d’un dépassement de tampon | C7: moyen | D7: 2.3 | E7: FAIT
A8: =1+A7 -> 5 | B8: Test implémentation de référence triviale de la fonction memccpy dans le cas d’un dépassement de tampon | C8: Important | D8: 3 | E8: FAIT
A9: =1+A8 -> 6 | B9: Utilisation d’une implémentation dites plus optimale de la fonction memccpy dans le cas d’un dépassement de tampon | C9: Important | D9: 3 | E9: FAIT
A10: Tests cas de chaîne mal formée (sans ‘\0’ à la fin)
A11: =1+A9 -> 7 | B11: Utilisation de la fonction memccpy de base dans le cas d’une chaîne mal formée | C11: moyen | D11: 2.3 | E11: FAIT
A12: =1+A11 -> 8 | B12: Utilisation d’une implémentation de référence triviale de la fonction memccpy dans le cas d’une chaîne mal formée | C12: important | D12: 3, 4 | E12: FAIT
A13: =1+A12 -> 9 | B13: Utilisation d’une implémentation dites plus optimal de la fonction memccpy dans le cas d’une chaîne mal formée | C13: important | D13: 3, 4 | E13: FAIT
A14: =1+A13 -> 10 | B14: Compte rendu des tests effectué | C14: Priorité | D14: 4 | E14: FAIT
B15: PERFORMANCE
A16: =1+A14 -> 11 | B16: Comparer temps d'éxécution pour la copie d'une chaine avec memccpy/strlcpy/strntcpy (programme significatif) | C16: Important | D16: 4 | E16: FAIT
A17: =1+A16 -> 12 | B17: Comparer les temps d'exécution pour la concaténation avec memccpy/strlcat/strntcat (Programme significatif) | C17: Important | D17: 4 | E17: FAIT
A18: =1+A17 -> 13 | B18: Compte rendu des programme de tests pour temps d'execution | C18: priorité | D18: 4 | E18: FAIT
A19: =1+A18 -> 14 | B19: Lire manuel de la fonction strntcat/strntcpy | C19: bas | D19: 5 | E19: FAIT
A20: =1+A19 -> 15 | B20: Expliquer si le manuel est compréhensible | C20: bas | D20: 5 | E20: FAIT
A21: =1+A20 -> 16 | B21: Rédiger manuel strstcat | C21: moyen | D21: 5 | E21: FAIT
A22: =1+A21 -> 17 | B22: Rédiger manuel strsntcat | C22: moyen | D22: 5 | E22: FAIT
A23: =1+A22 -> 18 | B23: Rédiger manuel strsntcpy | C23: moyen | D23: 5 | E23: FAIT
A24: =1+A23 -> 19 | B24: Rédiger manuel strstcpy | C24: moyen | D24: 5 | E24: FAIT
A25: =1+A24 -> 20 | B25: Compte rendu explicatif de la méthode de tests | C25: priorité | D25: 5 | E25: FAIT
A26: 21 | B26: Refaire les tests de memccpy avec la méthode de test "Delahaye" | C26: moyen | D26: 6 | E26: FAIT
A27: 22 | B27: Test de la fonction strntcat avec différentes forme d'intialisation pour chaine destination | C27: faible | E27: FAIT
A28: 23 | B28: Explication de la méthode de test TDD | C28: faible | E28: FAIT
A29: =1+A28 -> 24 | B29: Analyser le nombre de fois où strncpy est utilisé dans le paquetage coreutils | C29: moyen | E29: PAS FAIT
A30: =1+A29 -> 25 | B30: Analyser le nombre de fois où strncat est utilisé dans le paquetage coreutils | C30: moyen | E30: PAS FAIT
A31: =1+A30 -> 26 | B31: Faire des statistiques sur l'utilisation strncpy et strncat dans le paquetage coreutils | C31: important | E31: PAS FAIT
A32: =1+A31 -> 27 | B32: Compte rendu sur l'analyse statistique | C32: priorité | E32: PAS FAIT
A33: =1+A32 -> 28 | B33: Choisir les commandes linux dont les occurrences seront remplacées | C33: bas | E33: PAS FAIT
A34: =1+A33 -> 29 | B34: Remplacer les occurrences de strncpy/strncat par memccpy | C34: moyen | E34: PAS FAIT
A35: =1+A34 -> 30 | B35: Remplacer les occurrences de strncpy/strncat par strntcpy/strntcat | C35: moyen | E35: PAS FAIT
A36: =1+A35 -> 31 | B36: Comparer les temps d'exécutions des trois versions de chaque commandes linux choisies | C36: important | E36: PAS FAIT
A37: =1+A36 -> 32 | B37: Créer un paquetage pour l'installation automatique des fonctions strntcpy/strntcat | C37: important | E37: PAS FAIT
B39: Durée d'un sprint 1 semaine

Sheet Estimation tâche
F1: Heures Estimée : | G1: Heures réelles :
A2: ID | B2: Fonctionnalitée | C2: Estimation | D2: heures Reelle | F2: =SUM(C3:C25) -> 86 | G2: =F2 -> 86
A3: 1 | B3: Lire documents sur memccpy | C3: 2 | D3: 1 | F3: =F2-$F$2/23 -> 82.26087 | G3: =G2-D3 -> 85
A4: =1+A3 -> 2 | B4: Analyse de la fonction memccpy | C4: 3 | D4: 4 | F4: =F3-$F$2/23 -> 78.521739 | G4: =G3-D4 -> 81
A5: =1+A4 -> 3 | B5: Etude des différents cas de bugs possibles | C5: 3 | D5: 2 | F5: =F4-$F$2/23 -> 74.782609 | G5: =G4-D5 -> 79
A6: =1+A5 -> 4 | B6: Test sur memccpy de base dans le cas d’un dépassement de tampon | C6: 6 | D6: 1 | F6: =F5-$F$2/23 -> 71.043478 | G6: =G5-D6 -> 78
A7: =1+A6 -> 5 | B7: Test implémentation de référence triviale de la fonction memccpy dans le cas d’un dépassement de tampon | C7: 5 | D7: 6 | F7: =F6-$F$2/23 -> 67.304348 | G7: =G6-D7 -> 72
A8: =1+A7 -> 6 | B8: Utilisation d’une implémentation dites plus optimale de la fonction memccpy dans le cas d’un dépassement de tampon | C8: 5 | D8: 6 | F8: =F7-$F$2/23 -> 63.565217 | G8: =G7-D8 -> 66
A9: =1+A8 -> 7 | B9: Utilisation de la fonction memccpy de base dans le cas d’une chaîne mal formée | C9: 2 | D9: 1 | F9: =F8-$F$2/23 -> 59.826087 | G9: =G8-D9 -> 65
A10: =1+A9 -> 8 | B10: Utilisation d’une implémentation de référence triviale de la fonction memccpy dans le cas d’une chaîne mal formée | C10: 5 | D10: 4 | F10: =F9-$F$2/23 -> 56.086957 | G10: =G9-D10 -> 61
A11: =1+A10 -> 9 | B11: Utilisation d’une implémentation dites plus optimal de la fonction memccpy dans le cas d’une chaîne mal formée | C11: 4 | D11: 3 | F11: =F10-$F$2/23 -> 52.347826 | G11: =G10-D11 -> 58
A12: =1+A11 -> 10 | B12: Compte rendu des tests effectué | C12: 6 | D12: 5 | F12: =F11-$F$2/23 -> 48.608696 | G12: =G11-D12 -> 53
A13: =1+A12 -> 11 | B13: Comparer temps d'éxécution pour la copie d'une chaine avec memccpy/strlcpy/strntcpy (programme significatif) | C13: 8 | D13: 9 | F13: =F12-$F$2/23 -> 44.869565 | G13: =G12-D13 -> 44
A14: =1+A13 -> 12 | B14: Comparer les temps d'exécution pour la concaténation avec memccpy/strlcat/strntcat (Programme significatif) | C14: 5 | D14: 5 | F14: =F13-$F$2/23 -> 41.130435 | G14: =G13-D14 -> 39
A15: =1+A14 -> 13 | B15: Compte rendu des programme de tests pour temps d'execution | C15: 4 | D15: 4 | F15: =F14-$F$2/23 -> 37.391304 | G15: =G14-D15 -> 35
... A22: =1+A21 -> 20 | B22: Compte rendu explicatif de la méthode de tests | C22: 4 | D22: 3 | F22: =F21-$F$2/23 -> 11.217391 | G22: =G21-D22 -> 20
A23: 21 | B23: Refaire les tests de memccpy avec la méthode de test "Delahaye" | C23: 6 | D23: 6 | F23: =F22-$F$2/23 -> 7.4782609 | G23: =G22-D23 -> 14
A24: 22 | B24: Test de la fonction strntcat avec différentes forme d'intialisation pour chaine destination | C24: 2 | D24: 1 | F24: =F23-$F$2/23 -> 3.7391304 | G24: =G23-D24 -> 13
A25: 23 | B25: Explication de la méthode de test TDD | C25: 2 | D25: 1 | F25: =F24-$F$2/23 -> -1.3322676e-14 | G25: =G24-D25 -> 12
A26: =1+A25 -> 24 | B26: Analyser le nombre de fois où strncpy est utilisé dans le paquetage coreutils
A27: =1+A26 -> 25 | B27: Analyser le nombre de fois où strncat est utilisé dans le paquetage coreutils
A28: =1+A27 -> 26 | B28: Faire des statistiques sur l'utilisation strncpy et strncat dans le paquetage coreutils
A29: =1+A28 -> 27 | B29: Compte rendu sur l'analyse statistique
A30: =1+A29 -> 28 | B30: Choisir les commandes linux dont les occurrences seront remplacées
A31: =1+A30 -> 29 | B31: Remplacer les occurrences de strncpy/strncat par memccpy
A32: =1+A31 -> 30 | B32: Remplacer les occurrences de strncpy/strncat par strntcpy/strntcat
A33: =1+A32 -> 31 | B33: Comparer les temps d'exécutions des trois versions de chaque commandes linux choisies
A34: =1+A33 -> 32 | B34: Créer un paquetage pour l'installation automatique des fonctions strntcpy/strntcat

Sheet Sprint_1810
A1: ID | B1: Fonctionnalitée | C1: Sprint | D1: Status | E1: Heures de départ | F1: Jour 1 | G1: Jour 2 | H1: Jour 3 | I1: Jour 4 | J1: Jour 5 | K1: Jour 6 | L1: Jour 7 | M1: Total
A2: 1 | B2: Lire documents sur memccpy | C2: 1 | D2: FAIT | E2: 2 | F2: 1 | G2: 0 | H2: 0 | I2: 0 | J2: 0 | K2: 0 | L2: 0 | M2: =SUM(F2:L2) -> 1
A3: =1+A2 -> 2 | B3: Analyse de la fonction memccpy | C3: 1 | D3: FAIT | E3: 3 | F3: 0 | G3: 0 | H3: 2 | I3: 2 | J3: 0 | K3: 0 | L3: 0 | M3: =SUM(F3:L3) -> 4
A4: =1+A3 -> 3 | B4: Etude des différents cas de bugs possibles | C4: 1 | D4: FAIT | E4: 3 | F4: 0 | G4: 0 | H4: 0 | I4: 0 | J4: 0 | K4: 2 | L4: 0 | M4: =SUM(F4:L4) -> 2
B6: Heures restantes réelle | E6: =E2+E3+E4 -> 8 | F6: =E6-(F2+F3+F4) -> 7 | G6: =F6-(G2+G3+G4) -> 7 | H6: =G6-(H2+H3+H4) -> 5 | I6: =H6-(I2+I3+I4) -> 3 | J6: =I6-(J2+J3+J4) -> 3 | K6: =J6-(K2+K3+K4) -> 1 | L6: =K6-(L2+L3+L4) -> 1
B7: Heures restante estimées | E7: 8 | F7: =E7-(E7/7) -> 6.8571429 | G7: =F7-(E7/7) -> 5.7142857 | H7: =G7-(E7/7) -> 4.5714286 | I7: =H7-(E7/7) -> 3.4285714 | J7: =I7-(E7/7) -> 2.2857143 | K7: =J7-(E7/7) -> 1.1428571 | L7: =K7-(E7/7) -> 1.7763568e-15

Sheet Sprint_2410
A1: ID | B1: Fonctionnalitée | C1: Status | D1: Heures de départ | E1: Jour 1 | F1: Jour 2 | G1: Jour 3 | H1: Jour 4 | I1: Jour 5 | J1: Jour 6 | K1: Jour 7 | L1: Total
A2: 4 | B2: Test cas dépassement tampon | C2: EN COURS | D2: 5 | E2: 2 | F2: 2 | G2: 2 | H2: 0 | I2: 0 | J2: 1 | K2: 0 | L2: =SUM(E2:K2) -> 7
A3: 5 | B3: Test cas sans caractère nul | C3: EN COURS | D3: 5 | E3: 0 | F3: 1 | G3: 2 | H3: 2 | I3: 0 | J3: 0 | K3: 0 | L3: =SUM(E3:K3) -> 5
A4: 6 | B4: Test des "bugs" supposé être corrigé par memccpy énoncé dans le document | C4: EN COURS | D4: 10 | E4: 0 | F4: 0 | G4: 0 | H4: 3 | I4: 1 | J4: 2 | K4: 5 | L4: =SUM(E4:K4) -> 11
B6: Heures restantes réelle | D6: =D2+D3+D4 -> 20 | E6: =D6-(E2+E3+E4) -> 18 | F6: =E6-(F2+F3+F4) -> 15 | G6: =F6-(G2+G3+G4) -> 11 | H6: =G6-(H2+H3+H4) -> 6 | I6: =H6-(I2+I3+I4) -> 5 | J6: =I6-(J2+J3+J4) -> 2 | K6: =J6-(K2+K3+K4) -> -3
B7: Heures restante estimées | D7: =D2+D3+D4 -> 20 | E7: =D7-(D7/7) -> 17.142857 | F7: =E7-(D7/7) -> 14.285714 | G7: =F7-(D7/7) -> 11.428571 | H7: =G7-(D7/7) -> 8.5714286 | I7: =H7-(D7/7) -> 5.7142857 | J7: =I7-(D7/7) -> 2.8571429 | K7: =J7-(D7/7) -> 0

Sheet Sprint_0611
A1: ID | B1: Fonctionnalitée | C1: Status | D1: Heures de départ | E1: Jour 1 | F1: Jour 2 | G1: Jour 3 | H1: Jour 4 | I1: Jour 5 | J1: Jour 6 | K1: Jour 7 | L1: Total
B2: Tests dépassement Tampon
A3: 4 | B3: Test sur memccpy de base dans le cas d’un dépassement de tampon | C3: FAIT | D3: 1 | E3: 1 | F3: 0 | G3: 0 | H3: 0 | I3: 0 | J3: 0 | K3: 0 | L3: =SUM(E3:K3) -> 1
A4: 5 | B4: Test implémentation de référence triviale de la fonction memccpy dans le cas d’un dépassement de tampon | C4: FAIT | D4: 4 | E4: 2 | F4: 0 | G4: 0 | H4: 2 | I4: 2 | J4: 0 | K4: 0 | L4: =SUM(E4:K4) -> 6
A5: 6 | B5: Utilisation d’une implémentation dites plus optimale de la fonction memccpy dans le cas d’un dépassement de tampon | C5: FAIT | D5: 4 | E5: 0 | F5: 0 | G5: 3 | H5: 0 | I5: 2 | J5: 0 | K5: 1 | L5: =SUM(E5:K5) -> 6
B6: TESTS - Cas de chaîne mal formée (sans ‘\0’ à la fin)
A7: 7 | B7: Utilisation de la fonction memccpy de base dans le cas d’une chaîne mal formée | C7: EN COURS | D7: 2 | E7: 0 | F7: 0 | G7: 0 | H7: 0 | I7: 0 | J7: 1 | K7: 0 | L7: =SUM(Sprint_0611!$E7:$K7) -> 1
A8: 8 | B8: Utilisation d’une implémentation de référence triviale de la fonction memccpy dans le cas d’une chaîne mal formée | C8: EN COURS | D8: 5 | E8: 0 | F8: 2 | G8: 0 | H8: 2 | I8: 0 | J8: 0 | K8: 0 | L8: =SUM(Sprint_0611!$E8:$K8) -> 4
A9: 9 | B9: Utilisation d’une implémentation dites plus optimal de la fonction memccpy dans le cas d’une chaîne mal formée | C9: EN COURS | D9: 4 | E9: 0 | F9: 0 | G9: 3 | H9: 0 | I9: 0 | J9: 0 | K9: 0 | L9: =SUM(Sprint_0611!$E9:$K9) -> 3
B11: Heures restantes réelle | D11: =SUM(D3:D5,D7:D9) -> 20 | E11: =D11-SUM(E3:E5,E7:E9) -> 17 | F11: =E11-SUM(F3:F5,F7:F9) -> 15 | G11: =F11-SUM(G3:G5,G7:G9) -> 9 | H11: =G11-SUM(H3:H5,H7:H9) -> 5 | I11: =H11-SUM(I3:I5,I7:I9) -> 1 | J11: =I11-SUM(J3:J5,J7:J9) -> 0 | K11: =J11-SUM(K3:K5,K7:K9) -> -1
B12: Heures restante estimées | D12: =D11 -> 20 | E12: =D12-(D12/7) -> 17.142857 | F12: =E12-(D12/7) -> 14.285714 | G12: =F12-(D12/7) -> 11.428571 | H12: =G12-(D12/7) -> 8.5714286 | I12: =H12-(D12/7) -> 5.7142857 | J12: =I12-(D12/7) -> 2.8571429 | K12: =J12-(D12/7) -> 0
E18: Analyse:

Sheet Sprint_1511
A1: ID | B1: Fonctionnalitée | C1: Status | D1: Heures de départ | E1: Jour 1 | F1: Jour 2 | G1: Jour 3 | H1: Jour 4 | I1: Jour 5 | J1: Jour 6 | K1: Jour 7 | L1: Total
B2: TESTS - Cas de chaîne mal formée (sans ‘\0’ à la fin)
A3: 7 | B3: Utilisation de la fonction memccpy de base dans le cas d’une chaîne mal formée | C3: FAIT | D3: 1 | E3: 0 | F3: 0 | G3: 1 | H3: 0 | I3: 0 | J3: 0 | K3: 0 | L3: =SUM(Sprint_1511!$E3:$K3) -> 1
A4: 8 | B4: Utilisation d’une implémentation de référence triviale de la fonction memccpy dans le cas d’une chaîne mal formée | C4: FAIT | D4: 4 | E4: 0 | F4: 2 | G4: 0 | H4: 1 | I4: 1 | J4: 0 | K4: 0 | L4: =SUM(Sprint_1511!$E4:$K4) -> 4
A5: 9 | B5: Utilisation d’une implémentation dites plus optimal de la fonction memccpy dans le cas d’une chaîne mal formée | C5: FAIT | D5: 3 | E5: 0 | F5: 0 | G5: 0 | H5: 2 | I5: 1 | J5: 1 | K5: 0 | L5: =SUM(Sprint_1511!$E5:$K5) -> 4
A6: 10 | B6: Rédaction compte rendu des tests | C6: FAIT | D6: 6 | E6: 1 | F6: 1 | G6: 1 | H6: 0 | I6: 1 | J6: 1 | K6: 0 | L6: =SUM(Sprint_1511!$E6:$K6) -> 5
A7: 11 | B7: Comparer temps d'éxécution pour la copie d'une chaine avec memccpy/strlcpy/strntcpy (programme significatif) | C7: FAIT | D7: 8 | E7: 2 | F7: 3 | G7: 0 | H7: 4 | I7: 0 | J7: 0 | K7: 0 | L7: =SUM(Sprint_1511!$E7:$K7) -> 9
A8: 12 | B8: Comparer les temps d'exécution pour la concaténation avec memccpy/strlcat/strntcat (Programme significatif) | C8: FAIT | D8: 5 | E8: 0 | F8: 0 | G8: 0 | H8: 0 | I8: 3 | J8: 2 | K8: 0 | L8: =SUM(Sprint_1511!$E8:$K8) -> 5
A9: 13 | B9: Compte rendu des temps d'execution | C9: FAIT | D9: 4 | E9: 0 | F9: 0 | G9: 0 | H9: 0 | I9: 0 | J9: 2 | K9: 2 | L9: =SUM(Sprint_1511!$E9:$K9) -> 4
B11: Heures restantes réelle | D11: =SUM(D3:D9) -> 31 | E11: =D11-SUM(E3:E9) -> 28 | F11: =E11-SUM(F3:F9) -> 22 | G11: =F11-SUM(G3:G9) -> 20 | H11: =G11-SUM(H3:H9) -> 13 | I11: =H11-SUM(I3:I9) -> 7 | J11: =I11-SUM(J3:J9) -> 1 | K11: =J11-SUM(K3:K9) -> -1
B12: Heures restante estimées | D12: =D11 -> 31 | E12: =D12-(D12/7) -> 26.571429 | F12: =E12-(D12/7) -> 22.142857 | G12: =F12-(D12/7) -> 17.714286 | H12: =G12-(D12/7) -> 13.285714 | I12: =H12-(D12/7) -> 8.8571429 | J12: =I12-(D12/7) -> 4.4285714 | K12: =J12-(D12/7) -> -7.1054274e-15

Sheet Sprint_21_11
A1: ID | B1: Fonctionnalitée | C1: Status | D1: Heures de départ | E1: Jour 1 | F1: Jour 2 | G1: Jour 3 | H1: Jour 4 | I1: Jour 5 | J1: Jour 6 | K1: Jour 7 | L1: Total
A2: 14 | B2: Lire manuel de la fonction strntcat/strntcpy | C2: FAIT | D2: 1 | E2: 0 | F2: 0 | G2: 0 | H2: 0 | I2: 1 | J2: 0 | K2: 0 | L2: =SUM(Sprint_21_11!$E2:$K2) -> 1
A3: =A2+1 -> 15 | B3: Expliquer si le manuel est compréhensible | C3: FAIT | D3: 1 | E3: 0 | F3: 0 | G3: 0 | H3: 0 | I3: 1 | J3: 0 | K3: 0 | L3: =SUM(Sprint_21_11!$E3:$K3) -> 1
A4: =A3+1 -> 16 | B4: Rédiger manuel strstcat | C4: FAIT | D4: 3 | E4: 0 | F4: 1 | G4: 1 | H4: 0 | I4: 0 | J4: 0 | K4: 0 | L4: =SUM(Sprint_21_11!$E4:$K4) -> 2
A5: =A4+1 -> 17 | B5: Rédiger manuel strsntcat | C5: FAIT | D5: 3 | E5: 0 | F5: 1 | G5: 0 | H5: 1 | I5: 1 | J5: 0 | K5: 0 | L5: =SUM(Sprint_21_11!$E5:$K5) -> 3
A6: =A5+1 -> 18 | B6: Rédiger manuel strsntcpy | C6: FAIT | D6: 3 | E6: 0 | F6: 0 | G6: 0 | H6: 2 | I6: 1 | J6: 0 | K6: 0 | L6: =SUM(Sprint_21_11!$E6:$K6) -> 3
A7: =A6+1 -> 19 | B7: Rédiger manuel strstcpy | C7: FAIT | D7: 3 | E7: 1 | F7: 0 | G7: 0 | H7: 0 | I7: 0 | J7: 1 | K7: 0 | L7: =SUM(Sprint_21_11!$E7:$K7) -> 2
A8: =A7+1 -> 20 | B8: Compte rendu explicatif de la méthode de tests | C8: FAIT | D8: 4 | E8: 0 | F8: 0 | G8: 0 | H8: 0 | I8: 0 | J8: 3 | K8: 0 | L8: =SUM(Sprint_21_11!$E8:$K8) -> 3
B10: Heures restantes réelle | D10: =SUM(D2:D8) -> 18 | E10: =D10-SUM(E2:E8) -> 17 | F10: =E10-SUM(F2:F8) -> 15 | G10: =F10-SUM(G2:G8) -> 14 | H10: =G10-SUM(H2:H8) -> 11 | I10: =H10-SUM(I2:I8) -> 7 | J10: =I10-SUM(J2:J8) -> 3 | K10: =J10-SUM(K2:K8) -> 3
B11: Heures restante estimées | D11: =D10 -> 18 | E11: =D11-(D11/7) -> 15.428571 | F11: =E11-(D11/7) -> 12.857143 | G11: =F11-(D11/7) -> 10.285714 | H11: =G11-(D11/7) -> 7.7142857 | I11: =H11-(D11/7) -> 5.1428571 | J11: =I11-(D11/7) -> 2.5714286 | K11: =J11-(D11/7) -> 0

Sheet Sprint_0512
A1: ID | B1: Fonctionnalitée | C1: Status | D1: Heures de départ | E1: Jour 1 | F1: Jour 2 | G1: Jour 3 | H1: Jour 4 | I1: Jour 5 | J1: Jour 6 | K1: Jour 7 | L1: Total
A2: 21 | B2: Refaire les tests de memccpy avec la méthode de test "Delahaye" | C2: EN COURS | D2: 6 | E2: 3 | F2: 2 | G2: 0 | H2: 0 | I2: 0 | J2: 0 | K2: 1 | L2: =SUM(E2:K2) -> 6
A3: 22 | B3: Test de la fonction strntcat avec différentes forme d'intialisation pour chaine destination | D3: 2 | E3: 0 | F3: 0 | G3: 0 | H3: 0 | I3: 1 | J3: 0 | K3: 0 | L3: 1
A4: 23 | B4: Explication méthode test TDD | D4: 2 | E4: 0 | F4: 0 | G4: 0 | H4: 1 | I4: 0 | J4: 0 | K4: 0 | L4: 1
B6: Heures restantes réelle | D6: =SUM(D2:D4) -> 10 | E6: =D6-SUM(E2:E4) -> 7 | F6: =E6-SUM(F2:F4) -> 5 | G6: =F6-SUM(G2:G4) -> 5 | H6: =G6-SUM(H2:H4) -> 4 | I6: =H6-SUM(I2:I4) -> 3 | J6: =I6-SUM(J2:J4) -> 3 | K6: =J6-SUM(K2:K4) -> 2
B7: Heures restante estimées | D7: =D6 -> 10 | E7: =D7-(D7/7) -> 8.5714286 | F7: =E7-(D7/7) -> 7.1428571 | G7: =F7-(D7/7) -> 5.7142857 | H7: =G7-(D7/7) -> 4.2857143 | I7: =H7-(D7/7) -> 2.8571429 | J7: =I7-(D7/7) -> 1.4285714 | K7: =J7-(D7/7) -> 0

Sheet Sprint_21_11 (2)
A1: ID | B1: Fonctionnalitée | C1: Status | D1: Heures de départ | E1: Jour 1 | F1: Jour 2 | G1: Jour 3 | H1: Jour 4 | I1: Jour 5 | J1: Jour 6 | K1: Jour 7 | L1: Total
A2: 21 | B2: Refaire les tests de memccpy avec la méthode de test "Delahaye" | C2: FAIT | D2: 6 | E2: 3 | F2: 2 | G2: 0 | H2: 0 | I2: 0 | J2: 0 | K2: 1 | L2: =SUM(E2:K2) -> 6
A3: 22 | B3: Test de la fonction strntcat avec différentes forme d'intialisation pour chaine destination | C3: FAIT | D3: 2 | E3: 0 | F3: 0 | G3: 0 | H3: 0 | I3: 1 | J3: 0 | K3: 0 | L3: 1
A4: 23 | B4: Explication méthode test TDD | C4: FAIT | D4: 2 | E4: 0 | F4: 0 | G4: 0 | H4: 1 | I4: 0 | J4: 0 | K4: 0 | L4: 1
B6: Heures restantes réelle | D6: =SUM(D2:D4) -> 10 | E6: =D6-SUM(E2:E4) -> 7 | F6: =E6-SUM(F2:F4) -> 5 | G6: =F6-SUM(G2:G4) -> 5 | H6: =G6-SUM(H2:H4) -> 4 | I6: =H6-SUM(I2:I4) -> 3 | J6: =I6-SUM(J2:J4) -> 3 | K6: =J6-SUM(K2:K4) -> 2
B7: Heures restante estimées | D7: =D6 -> 10 | E7: =D7-(D7/7) -> 8.5714286 | F7: =E7-(D7/7) -> 7.1428571 | G7: =F7-(D7/7) -> 5.7142857 | H7: =G7-(D7/7) -> 4.2857143 | I7: =H7-(D7/7) -> 2.8571429 | J7: =I7-(D7/7) -> 1.4285714 | K7: =J7-(D7/7) -> 0
